{
    "train_loss": [
        0.7071525637920086,
        0.7047308522921342,
        0.7059235328283066,
        0.7041334357017126,
        0.7015262100941095,
        0.7047061461668748,
        0.7028128306070963,
        0.7045608109388596,
        0.7008636593818665,
        0.7018374617283161,
        0.7031940924815643,
        0.7012672370825058,
        0.7014768650898566,
        0.7014094843314245,
        0.6999475405766413,
        0.7033952986582731,
        0.7012161253354489,
        0.7022082454118973,
        0.701022635667752,
        0.6989307602246603
    ],
    "train_acc": [
        0.49901380670611434,
        0.49448348126232744,
        0.4935897435897436,
        0.49648668639053256,
        0.4967948717948718,
        0.4925110946745562,
        0.49627095660749504,
        0.495870315581854,
        0.5000924556213018,
        0.49109344181459563,
        0.49238782051282054,
        0.5024038461538461,
        0.5035133136094674,
        0.4916173570019724,
        0.5001849112426036,
        0.49710305719921105,
        0.5065335305719921,
        0.4918947238658777,
        0.4968256903353057,
        0.5045919625246549
    ],
    "val_loss": [
        0.7090283830960592,
        0.7086569468180338,
        0.7082810004552206,
        0.7078786227438185,
        0.7075505057970682,
        0.7072156204117669,
        0.706876708401574,
        0.7065559956762526,
        0.706274323993259,
        0.706031945016649,
        0.7057962947421603,
        0.7055081725120544,
        0.7052530712551541,
        0.7050287326176962,
        0.7046683629353842,
        0.7043579618136088,
        0.7040403154161241,
        0.7037098606427511,
        0.703311906920539,
        0.7028956479496427
    ],
    "val_acc": [
        0.4712301587301588,
        0.4712301587301588,
        0.4712301587301588,
        0.4712301587301588,
        0.4712301587301588,
        0.4712301587301588,
        0.4712301587301588,
        0.4712301587301588,
        0.4712301587301588,
        0.4712301587301588,
        0.4712301587301588,
        0.4712301587301588,
        0.4712301587301588,
        0.4712301587301588,
        0.4712301587301588,
        0.4712301587301588,
        0.4712301587301588,
        0.4712301587301588,
        0.4712301587301588,
        0.4712301587301588
    ],
    "epoch_time": [
        0.4712301587301588,
        0.4712301587301588,
        0.4712301587301588,
        0.4712301587301588,
        0.4712301587301588,
        0.4712301587301588,
        0.4712301587301588,
        0.4712301587301588,
        0.4712301587301588,
        0.4712301587301588,
        0.4712301587301588,
        0.4712301587301588,
        0.4712301587301588,
        0.4712301587301588,
        0.4712301587301588,
        0.4712301587301588,
        0.4712301587301588,
        0.4712301587301588,
        0.4712301587301588,
        0.4712301587301588
    ],
    "best_val_acc": 0.4712301587301588
}