{
    "train_loss": [
        0.7296619613965353,
        0.7116714318593343,
        0.6995558647009043,
        0.6948556701342264,
        0.6867205340128678,
        0.6772720890167432,
        0.6705854046039093,
        0.6621830150102958,
        0.6519928696828011,
        0.6382965957507108,
        0.6222203503816556,
        0.6055764227341383,
        0.5870176691275376,
        0.5716486183496622,
        0.5651871076761148,
        0.5474299116012378,
        0.5419138093025256,
        0.5298392188090545,
        0.5112166110521708,
        0.5167267169707861
    ],
    "train_acc": [
        0.5023113905325444,
        0.5281681459566075,
        0.5399408284023668,
        0.5488782051282052,
        0.5522682445759369,
        0.5696190828402367,
        0.5809294871794872,
        0.5968010355029586,
        0.6181891025641025,
        0.6270032051282052,
        0.6540927021696252,
        0.6682384122287969,
        0.6882704635108481,
        0.6976701183431953,
        0.7023853550295858,
        0.7199211045364892,
        0.7243281558185404,
        0.7250369822485206,
        0.7474420611439841,
        0.7417098126232742
    ],
    "val_loss": [
        0.7008348438474867,
        0.6940574314859178,
        0.6890391773647733,
        0.6798392335573832,
        0.6771950986650255,
        0.6740945312711928,
        0.672195659743415,
        0.6732543773121304,
        0.6639540791511536,
        0.6576798558235168,
        0.6422334843211703,
        0.6351473662588332,
        0.637681676281823,
        0.6304101381036971,
        0.6268363793691,
        0.6253791517681546,
        0.6317726605468326,
        0.62049267689387,
        0.6243341035313077,
        0.6189252138137817
    ],
    "val_acc": [
        0.5372023809523809,
        0.5426587301587301,
        0.5583664021164021,
        0.5896164021164021,
        0.6000330687830687,
        0.6087962962962963,
        0.5896164021164021,
        0.5497685185185186,
        0.6020171957671958,
        0.5758928571428572,
        0.6211970899470899,
        0.6177248677248677,
        0.6316137566137566,
        0.6299603174603174,
        0.6369047619047619,
        0.6421957671957672,
        0.6455026455026455,
        0.654265873015873,
        0.6524470899470899,
        0.654265873015873
    ],
    "epoch_time": [
        0.5372023809523809,
        0.5426587301587301,
        0.5583664021164021,
        0.5896164021164021,
        0.6000330687830687,
        0.6087962962962963,
        0.5896164021164021,
        0.5497685185185186,
        0.6020171957671958,
        0.5758928571428572,
        0.6211970899470899,
        0.6177248677248677,
        0.6316137566137566,
        0.6299603174603174,
        0.6369047619047619,
        0.6421957671957672,
        0.6455026455026455,
        0.654265873015873,
        0.6524470899470899,
        0.654265873015873
    ],
    "best_val_acc": 0.654265873015873
}