{
    "train_loss": [
        0.6997354267895081,
        0.664593388603872,
        0.5991991498974326,
        0.5445784824053069,
        0.5095157898236907,
        0.48522576872356715,
        0.4670579781583256,
        0.4544668598865953,
        0.4435866210777799,
        0.43406275567419456,
        0.4281196978058215,
        0.4208585299816947,
        0.4148307979673218,
        0.4095306851518409,
        0.4049523107088093,
        0.40028161528274736,
        0.39726800686389985,
        0.39155126841929067,
        0.3890360373499275,
        0.38651124180920615
    ],
    "train_acc": [
        0.4787524035742563,
        0.6604569618821401,
        0.801869839384685,
        0.829726558081665,
        0.8415662820947857,
        0.8490258454925914,
        0.8565228763714512,
        0.8595754156769596,
        0.863300248840629,
        0.8668928854202014,
        0.8689055253930551,
        0.8728615258454926,
        0.8742563058477548,
        0.8753032745164574,
        0.8776495871507748,
        0.8790896109037439,
        0.879238066960751,
        0.8811156826150888,
        0.8825479300984052,
        0.8831721524714399
    ],
    "val_loss": [
        0.6812214255332947,
        0.6045671424695424,
        0.46697245218924116,
        0.40036617858069284,
        0.36761889180966784,
        0.34619258769920896,
        0.3305343527879034,
        0.31964048211063656,
        0.31164009496569633,
        0.3053437407527651,
        0.30279901517289026,
        0.29758712383253233,
        0.29657362188611713,
        0.2939094714820385,
        0.29184054530092646,
        0.28986124375036787,
        0.29137094265648295,
        0.2864154204726219,
        0.2861600374536855,
        0.2863353756921632
    ],
    "val_acc": [
        0.5680803571428571,
        0.7901785714285714,
        0.875,
        0.8861607142857143,
        0.8950892857142857,
        0.8962053571428571,
        0.8995535714285714,
        0.8962053571428571,
        0.9017857142857143,
        0.9040178571428571,
        0.9040178571428571,
        0.9084821428571429,
        0.9051339285714286,
        0.9051339285714286,
        0.9073660714285714,
        0.90625,
        0.9017857142857143,
        0.9051339285714286,
        0.9040178571428571,
        0.9029017857142857
    ],
    "epoch_time": [
        0.5680803571428571,
        0.7901785714285714,
        0.875,
        0.8861607142857143,
        0.8950892857142857,
        0.8962053571428571,
        0.8995535714285714,
        0.8962053571428571,
        0.9017857142857143,
        0.9040178571428571,
        0.9040178571428571,
        0.9084821428571429,
        0.9051339285714286,
        0.9051339285714286,
        0.9073660714285714,
        0.90625,
        0.9017857142857143,
        0.9051339285714286,
        0.9040178571428571,
        0.9029017857142857
    ],
    "best_val_acc": 0.9084821428571429
}