{
    "train_loss": [
        0.7115111045215441,
        0.6911095800607101,
        0.6508913745050845,
        0.626844308687293,
        0.6067998963853587,
        0.595793969216554,
        0.5802545391994974,
        0.5733386770538662,
        0.5652081002359804,
        0.5611051061879033,
        0.5521996153437573,
        0.5477686042371004,
        0.5402959973915763,
        0.5360379784003548,
        0.5317366480827331,
        0.524474607343259,
        0.523219389759976,
        0.515099677313929,
        0.5065078232599342,
        0.5079319008018659
    ],
    "train_acc": [
        0.3759782608695652,
        0.5178260869565218,
        0.6779891304347826,
        0.6853260869565218,
        0.6857065217391305,
        0.6966847826086957,
        0.704945652173913,
        0.7128260869565217,
        0.7170108695652173,
        0.730108695652174,
        0.7263586956521739,
        0.7313586956521739,
        0.7343478260869566,
        0.7409782608695653,
        0.7442391304347826,
        0.7548913043478261,
        0.7526086956521739,
        0.7505978260869565,
        0.759945652173913,
        0.7588586956521739
    ],
    "val_loss": [
        0.7034985881585342,
        0.6627255494777973,
        0.6173483454264127,
        0.5912699561852676,
        0.5653657225462106,
        0.5490637857180375,
        0.5342270204654107,
        0.5228449495939108,
        0.5287222976867969,
        0.5194383997183579,
        0.5168949319766118,
        0.5083979345284976,
        0.49072447419166565,
        0.5055000300590808,
        0.482258854004053,
        0.48056779916469866,
        0.47912508020034206,
        0.4738328158855438,
        0.4785930078763228,
        0.47415764744465166
    ],
    "val_acc": [
        0.3141025641025641,
        0.6939102564102565,
        0.6858974358974359,
        0.6907051282051282,
        0.6939102564102565,
        0.6939102564102565,
        0.7035256410256411,
        0.71875,
        0.7163461538461539,
        0.7259615384615384,
        0.7283653846153846,
        0.7307692307692307,
        0.7524038461538461,
        0.7379807692307693,
        0.7620192307692307,
        0.7596153846153846,
        0.7596153846153846,
        0.7716346153846154,
        0.7668269230769231,
        0.7716346153846154
    ],
    "epoch_time": [
        0.3141025641025641,
        0.6939102564102565,
        0.6858974358974359,
        0.6907051282051282,
        0.6939102564102565,
        0.6939102564102565,
        0.7035256410256411,
        0.71875,
        0.7163461538461539,
        0.7259615384615384,
        0.7283653846153846,
        0.7307692307692307,
        0.7524038461538461,
        0.7379807692307693,
        0.7620192307692307,
        0.7596153846153846,
        0.7596153846153846,
        0.7716346153846154,
        0.7668269230769231,
        0.7716346153846154
    ],
    "best_val_acc": 0.7716346153846154
}