{
    "train_loss": [
        0.7047041432979779,
        0.6421359548201928,
        0.6151858472671264,
        0.5783330033986996,
        0.5540235806734134,
        0.5393232305844625,
        0.5037170067811624,
        0.49701147851271504,
        0.46008619513267124,
        0.44658148556183547,
        0.4204177073179147,
        0.40838865343576825,
        0.3832597667590166,
        0.35686900447576475,
        0.3430497530752268,
        0.32485214945597524,
        0.32933277388413745,
        0.29206368728325915,
        0.2690500319004059,
        0.2840666954333966
    ],
    "train_acc": [
        0.5311267258382643,
        0.635694033530572,
        0.6589928500986193,
        0.6942492603550295,
        0.6994884122287969,
        0.718719181459566,
        0.7464558678500987,
        0.7517874753451677,
        0.7731755424063116,
        0.7882149901380671,
        0.8069218441814596,
        0.8132088264299803,
        0.8213449211045364,
        0.8425172583826431,
        0.8545673076923077,
        0.8656311637080868,
        0.862210305719921,
        0.8758321005917159,
        0.8906558185404339,
        0.8822423570019723
    ],
    "val_loss": [
        0.6760065423117744,
        0.6560498012436761,
        0.6329676575130887,
        0.649265342288547,
        0.6655451655387878,
        0.6436273588074578,
        0.648692227072186,
        0.6516693035761515,
        0.655476709206899,
        0.6765217185020447,
        0.6645098593499925,
        0.7169257071283128,
        0.707282715373569,
        0.7003685500886705,
        0.7125372125042809,
        0.7565417091051737,
        0.7094394034809537,
        0.7912413742807176,
        0.7702139814694723,
        0.8307974636554718
    ],
    "val_acc": [
        0.5514219576719577,
        0.6245039682539683,
        0.6245039682539683,
        0.669808201058201,
        0.6349206349206349,
        0.6593915343915344,
        0.6541005291005291,
        0.6592261904761905,
        0.6750992063492063,
        0.6645171957671958,
        0.650462962962963,
        0.6802248677248677,
        0.6661706349206349,
        0.6382275132275131,
        0.667989417989418,
        0.6590608465608465,
        0.6660052910052909,
        0.6853505291005291,
        0.6574074074074074,
        0.6731150793650794
    ],
    "epoch_time": [
        0.5514219576719577,
        0.6245039682539683,
        0.6245039682539683,
        0.669808201058201,
        0.6349206349206349,
        0.6593915343915344,
        0.6541005291005291,
        0.6592261904761905,
        0.6750992063492063,
        0.6645171957671958,
        0.650462962962963,
        0.6802248677248677,
        0.6661706349206349,
        0.6382275132275131,
        0.667989417989418,
        0.6590608465608465,
        0.6660052910052909,
        0.6853505291005291,
        0.6574074074074074,
        0.6731150793650794
    ],
    "best_val_acc": 0.6853505291005291
}