{
    "train_loss": [
        0.6073037345590614,
        0.5003036373726263,
        0.46967340656810586,
        0.4496778640356313,
        0.43467314282958697,
        0.4234303782926319,
        0.41197768503583243,
        0.4038703359079474,
        0.3971510962678248,
        0.3895315588865597,
        0.38472552180573377,
        0.377349409397311,
        0.3708367572827464,
        0.36739977775871613,
        0.3623808854195398,
        0.3579330898308131,
        0.35522103711714936,
        0.35293555981048214,
        0.34860312142309835,
        0.3443579271187975
    ],
    "train_acc": [
        0.7051054744938355,
        0.8466293405723334,
        0.8585199638049995,
        0.865037891641217,
        0.8699150265807035,
        0.8734482807374732,
        0.877285516344305,
        0.8800757832824342,
        0.8811439599592806,
        0.8841512555140821,
        0.8862077253704332,
        0.8888283282434114,
        0.8917147381517928,
        0.8915295215473363,
        0.8927765524261961,
        0.8949369415224522,
        0.895412000904875,
        0.895412000904875,
        0.8967919353014365,
        0.8994570749915168
    ],
    "val_loss": [
        0.4562621148569243,
        0.38990647345781326,
        0.3487963474222592,
        0.33734687098434996,
        0.3264294314597334,
        0.3161684918616499,
        0.31374091495360645,
        0.30748606686081204,
        0.30053931581122534,
        0.29417497717908453,
        0.30945843404957224,
        0.2895323878952435,
        0.29400649586958544,
        0.28328641078301836,
        0.2866447599870818,
        0.2931963929108211,
        0.29149503846253666,
        0.2807380378778492,
        0.30295675061643124,
        0.3040375294429915
    ],
    "val_acc": [
        0.8816964285714286,
        0.8928571428571429,
        0.8984375,
        0.9017857142857143,
        0.8984375,
        0.9017857142857143,
        0.9017857142857143,
        0.9051339285714286,
        0.9051339285714286,
        0.9073660714285714,
        0.9006696428571429,
        0.9129464285714286,
        0.9095982142857143,
        0.9140625,
        0.9051339285714286,
        0.9095982142857143,
        0.9107142857142857,
        0.9095982142857143,
        0.9029017857142857,
        0.8995535714285714
    ],
    "epoch_time": [
        0.8816964285714286,
        0.8928571428571429,
        0.8984375,
        0.9017857142857143,
        0.8984375,
        0.9017857142857143,
        0.9017857142857143,
        0.9051339285714286,
        0.9051339285714286,
        0.9073660714285714,
        0.9006696428571429,
        0.9129464285714286,
        0.9095982142857143,
        0.9140625,
        0.9051339285714286,
        0.9095982142857143,
        0.9107142857142857,
        0.9095982142857143,
        0.9029017857142857,
        0.8995535714285714
    ],
    "best_val_acc": 0.9140625
}