{
    "train_loss": [
        0.7237144941868989,
        0.37106821614763014,
        0.26603662235581355,
        0.18733830711115962,
        0.11530058511087428,
        0.06901490543766514,
        0.04533663781602745,
        0.03203905217916421,
        0.017295603122076262,
        0.015219185219915665
    ],
    "train_acc": [
        0.6641304347826087,
        0.8252717391304348,
        0.8880434782608696,
        0.9291847826086956,
        0.9571739130434783,
        0.9767391304347827,
        0.9839673913043478,
        0.9904891304347826,
        0.9942934782608696,
        0.9956521739130435
    ],
    "val_loss": [
        0.41316450329927296,
        0.24477887039001173,
        0.27093919825095397,
        0.27762822806835175,
        0.31883013563660473,
        0.40896181507895774,
        0.4267787384048391,
        0.43265462659585935,
        0.4856743755248877,
        0.49701405889712846
    ],
    "val_acc": [
        0.7965686274509803,
        0.8848039215686274,
        0.8872549019607843,
        0.8848039215686274,
        0.8921568627450981,
        0.8897058823529411,
        0.8995098039215687,
        0.8995098039215687,
        0.8995098039215687,
        0.8946078431372549
    ],
    "val_mcc": [
        0.5005994857001174,
        0.7379946876771947,
        0.7330760357574693,
        0.7288356772475562,
        0.7451540254402299,
        0.7390112621080221,
        0.7633301693274585,
        0.7647886820070358,
        0.7628392155865299,
        0.7526317669399257
    ],
    "epoch_time": [
        0.7965686274509803,
        0.8848039215686274,
        0.8872549019607843,
        0.8848039215686274,
        0.8921568627450981,
        0.8897058823529411,
        0.8995098039215687,
        0.8995098039215687,
        0.8995098039215687,
        0.8946078431372549
    ],
    "scalings": [
        null,
        null,
        null,
        null,
        null,
        null,
        null,
        null,
        null,
        null
    ],
    "best_val_acc": 0.8995098039215687,
    "best_val_mcc": 0.7647886820070358
}