{
    "train_loss": [
        0.6777012557236116,
        0.6611309878861726,
        0.6356226728478475,
        0.6129624429923385,
        0.6042527163873858,
        0.5987535107936433,
        0.5882978005640542,
        0.5858612165077409,
        0.5791482275991298,
        0.5713189195341138,
        0.5641515487387999,
        0.55869975797276,
        0.5521831032055527,
        0.5475751797654735,
        0.5420051817573718,
        0.5361277178597095,
        0.5334063874029401,
        0.526707255239807,
        0.5270445752722114,
        0.5235675248637128,
        0.5203061019306752,
        0.5167190771716744,
        0.5146263765532579,
        0.5114765977903978,
        0.5086157175142374,
        0.5071508371785506,
        0.5055725417697607,
        0.5027129106334786,
        0.502490961173577,
        0.5022838172405514,
        0.5010556867763177,
        0.49605961166211027,
        0.4947425815374104,
        0.4919898600053431,
        0.49211851062614526,
        0.49090403451848386,
        0.4856251818475439,
        0.4861056471048896,
        0.48463177202797647,
        0.480739612632723
    ],
    "train_acc": [
        0.6509694829424306,
        0.697228144989339,
        0.7042077558635395,
        0.7048074360341151,
        0.705040644989339,
        0.7043909914712154,
        0.7048074360341151,
        0.7035581023454157,
        0.7037913113006397,
        0.705157249466951,
        0.7046741737739872,
        0.705023987206823,
        0.7039578891257996,
        0.7060234541577826,
        0.7066064765458423,
        0.7069562899786781,
        0.7067730543710021,
        0.7128031716417911,
        0.7104544243070363,
        0.7141857675906184,
        0.7126199360341151,
        0.7162346748400853,
        0.7185667643923241,
        0.7140525053304904,
        0.7228144989339019,
        0.7211154051172708,
        0.7222981076759062,
        0.7282282782515992,
        0.7268290245202559,
        0.7329590884861408,
        0.7355910181236673,
        0.7352245469083156,
        0.7408215618336887,
        0.7357575959488273,
        0.7414045842217485,
        0.7426372601279319,
        0.7493503464818764,
        0.7487173507462687,
        0.7505830223880597,
        0.7592617270788913
    ],
    "val_loss": [
        0.6746470296021664,
        0.6487337657899568,
        0.6153636809551355,
        0.6062021345803232,
        0.6017749273415768,
        0.5931556071295883,
        0.5899413173848932,
        0.5893796980381012,
        0.5724614985061415,
        0.5791246448502396,
        0.5666360954443613,
        0.5710657636324564,
        0.5532503841501294,
        0.5587824050224188,
        0.5475313789916761,
        0.5667322061278603,
        0.5431225941036687,
        0.5640358843586661,
        0.5541036436052034,
        0.527379061236526,
        0.5498559420759027,
        0.547217690131881,
        0.5421769275809779,
        0.5499417077411305,
        0.5608907888333002,
        0.5499427715937296,
        0.5443047276048949,
        0.5696637219551838,
        0.5180547548965975,
        0.5379925451495431,
        0.5544838647950779,
        0.5322218302524451,
        0.548387706731305,
        0.5495342183293719,
        0.5575914008147789,
        0.5502145231673212,
        0.5410669369227958,
        0.5455083576115695,
        0.5600167774792874,
        0.5443511822006919
    ],
    "val_acc": [
        0.6931319776714513,
        0.6931319776714513,
        0.6931319776714513,
        0.6931319776714513,
        0.6931319776714513,
        0.6931319776714513,
        0.6931319776714513,
        0.6931319776714513,
        0.6931319776714513,
        0.6931319776714513,
        0.6931319776714513,
        0.6931319776714513,
        0.6931319776714513,
        0.6931319776714513,
        0.6931319776714513,
        0.6931319776714513,
        0.6931319776714513,
        0.6931319776714513,
        0.6931319776714513,
        0.6931319776714513,
        0.694078947368421,
        0.6950259170653907,
        0.6962719298245614,
        0.6997607655502392,
        0.7026016746411483,
        0.7076355661881978,
        0.7114234449760766,
        0.7152113237639554,
        0.7322567783094099,
        0.7294158692185009,
        0.7275219298245614,
        0.7332037480063797,
        0.7398325358851675,
        0.7417264752791068,
        0.7407795055821372,
        0.7511961722488039,
        0.7672946570972887,
        0.7625598086124402,
        0.7625598086124402,
        0.7729764752791068
    ],
    "epoch_time": [
        0.6931319776714513,
        0.6931319776714513,
        0.6931319776714513,
        0.6931319776714513,
        0.6931319776714513,
        0.6931319776714513,
        0.6931319776714513,
        0.6931319776714513,
        0.6931319776714513,
        0.6931319776714513,
        0.6931319776714513,
        0.6931319776714513,
        0.6931319776714513,
        0.6931319776714513,
        0.6931319776714513,
        0.6931319776714513,
        0.6931319776714513,
        0.6931319776714513,
        0.6931319776714513,
        0.6931319776714513,
        0.694078947368421,
        0.6950259170653907,
        0.6962719298245614,
        0.6997607655502392,
        0.7026016746411483,
        0.7076355661881978,
        0.7114234449760766,
        0.7152113237639554,
        0.7322567783094099,
        0.7294158692185009,
        0.7275219298245614,
        0.7332037480063797,
        0.7398325358851675,
        0.7417264752791068,
        0.7407795055821372,
        0.7511961722488039,
        0.7672946570972887,
        0.7625598086124402,
        0.7625598086124402,
        0.7729764752791068
    ],
    "best_val_acc": 0.7729764752791068
}