{
    "train_loss": [
        0.3457802384136125,
        0.2606487762687325,
        0.24353923496929597,
        0.23160123884713282,
        0.22280007017302966,
        0.21604986533416423,
        0.2103368373052383,
        0.20310044866011007,
        0.19782292571299293,
        0.1945740005704895,
        0.18983117486847975,
        0.1852819765433492,
        0.18361697664170254,
        0.17970689374714593,
        0.1763316370971554,
        0.17277734516821183,
        0.1710968994143952,
        0.16828531089842744,
        0.16593910276518156,
        0.16262595264900326
    ],
    "train_acc": [
        0.8514909229725144,
        0.8946619443501866,
        0.9009274968894921,
        0.9076822474833164,
        0.910710044112657,
        0.913909625607963,
        0.9156317158692455,
        0.9192391980545187,
        0.9221560061079064,
        0.9232333729216152,
        0.9259274968894922,
        0.9272339101911549,
        0.9283685386268522,
        0.9303804716661012,
        0.9315087376993553,
        0.9331799287410927,
        0.932853325415677,
        0.9346567130415111,
        0.935688836104513,
        0.9370249406175772
    ],
    "val_loss": [
        0.29716596007347107,
        0.2757246316011463,
        0.2819509639271668,
        0.27970713403608116,
        0.27702757583132814,
        0.26644061053437845,
        0.26863456557371784,
        0.27367137891373466,
        0.2642370451773916,
        0.26257794217339586,
        0.27338963959898266,
        0.27691018814221025,
        0.2699330479704908,
        0.2733910231451903,
        0.30015546309628655,
        0.28028114286384415,
        0.2796088837619339,
        0.2801948779129556,
        0.2785944116434881,
        0.2757663332990238
    ],
    "val_acc": [
        0.8828125,
        0.8917410714285714,
        0.8939732142857143,
        0.8950892857142857,
        0.8973214285714286,
        0.9006696428571429,
        0.9040178571428571,
        0.8984375,
        0.9073660714285714,
        0.90625,
        0.9129464285714286,
        0.9084821428571429,
        0.9118303571428571,
        0.9073660714285714,
        0.9118303571428571,
        0.9118303571428571,
        0.9084821428571429,
        0.9129464285714286,
        0.9118303571428571,
        0.9051339285714286
    ],
    "epoch_time": [
        0.8828125,
        0.8917410714285714,
        0.8939732142857143,
        0.8950892857142857,
        0.8973214285714286,
        0.9006696428571429,
        0.9040178571428571,
        0.8984375,
        0.9073660714285714,
        0.90625,
        0.9129464285714286,
        0.9084821428571429,
        0.9118303571428571,
        0.9073660714285714,
        0.9118303571428571,
        0.9118303571428571,
        0.9084821428571429,
        0.9129464285714286,
        0.9118303571428571,
        0.9051339285714286
    ],
    "best_val_acc": 0.9129464285714286
}