{
    "train_loss": [
        2.530870903760959,
        0.8254332580627539,
        0.6926894783973694,
        0.6620288032751817,
        0.5816849569479624,
        0.4921177281783177,
        0.44441253634599537,
        0.4252264597094976,
        0.39405439755855465,
        0.3794716155299774,
        0.3668414457486226,
        0.3712638899301871,
        0.34638401560294324,
        0.3416017125814389,
        0.3278536290312425,
        0.3325346876413394,
        0.3138174980114668,
        0.3116914517222307,
        0.3219319701385804,
        0.2975367813920363,
        0.31220023295818233,
        0.2956989136261818,
        0.29659408980455154,
        0.2834126445918511,
        0.2771485526210222,
        0.2853413029358937,
        0.25939011592895556,
        0.2828652186271472,
        0.2799932596584161,
        0.28044269998104143
    ],
    "train_acc": [
        0.22910502958579881,
        0.5002773668639053,
        0.5549494575936884,
        0.6018244575936884,
        0.7012758875739645,
        0.7639916173570019,
        0.7877835305719921,
        0.8090483234714004,
        0.8322855029585798,
        0.833055966469428,
        0.8403599605522682,
        0.8395586785009862,
        0.8551220414201183,
        0.8547830374753451,
        0.8628883136094675,
        0.8648298816568047,
        0.8753081854043393,
        0.8697300295857988,
        0.8688362919132151,
        0.879129684418146,
        0.8762327416173569,
        0.8806397928994082,
        0.8790372287968441,
        0.8845537475345168,
        0.8834134615384616,
        0.8860330374753451,
        0.8929363905325445,
        0.8883444280078896,
        0.8898545364891518,
        0.8905325443786983
    ],
    "val_loss": [
        1.4849713643391926,
        0.709432045618693,
        0.6533778508504232,
        0.5784849888748593,
        0.4892490969763862,
        0.44464122917917037,
        0.41983139514923096,
        0.4009205914205975,
        0.39916762544049156,
        0.39428025152948165,
        0.39228567315472496,
        0.373653339015113,
        0.37980104155010647,
        0.3552411248286565,
        0.361963066789839,
        0.36161664293871987,
        0.3792830556631088,
        0.36621983763244415,
        0.3661581625541051,
        0.3698805934853024,
        0.36074569159083897,
        0.38042251103454167,
        0.3756363458103604,
        0.37568029595745933,
        0.38262831833627486,
        0.37671583394209546,
        0.3792918920516968,
        0.37858014967706466,
        0.3790815720955531,
        0.3792642702658971
    ],
    "val_acc": [
        0.2589285714285714,
        0.5512566137566137,
        0.6665013227513228,
        0.7202380952380952,
        0.763558201058201,
        0.8000992063492063,
        0.8295304232804233,
        0.8487103174603174,
        0.8556547619047619,
        0.8452380952380952,
        0.8609457671957672,
        0.857473544973545,
        0.8591269841269841,
        0.8748346560846562,
        0.871362433862434,
        0.8678902116402116,
        0.8660714285714285,
        0.8660714285714285,
        0.873015873015873,
        0.8660714285714285,
        0.8678902116402116,
        0.8644179894179894,
        0.8609457671957672,
        0.8678902116402116,
        0.857473544973545,
        0.8662367724867726,
        0.8697089947089948,
        0.873181216931217,
        0.873181216931217,
        0.8662367724867726
    ],
    "val_mcc": [
        -0.10079839568283315,
        0.12649031103954225,
        0.3385630710743327,
        0.44911591701899134,
        0.5296329679509005,
        0.6027213104104612,
        0.6605614280936545,
        0.6990027452344176,
        0.7158296450802566,
        0.6976689135077773,
        0.7234920408054173,
        0.7175564183355727,
        0.7210919943664055,
        0.7520199960467553,
        0.7451367088997929,
        0.7388357583868275,
        0.7368245736363381,
        0.7344900399922303,
        0.747660838596166,
        0.7343459541600358,
        0.7380514844786789,
        0.7358047989586624,
        0.723978985202477,
        0.7382096056010018,
        0.7187621549064507,
        0.7363619011817523,
        0.742891208605727,
        0.7493502802410152,
        0.7493502802410152,
        0.7357912427795221
    ],
    "epoch_time": [
        0.2589285714285714,
        0.5512566137566137,
        0.6665013227513228,
        0.7202380952380952,
        0.763558201058201,
        0.8000992063492063,
        0.8295304232804233,
        0.8487103174603174,
        0.8556547619047619,
        0.8452380952380952,
        0.8609457671957672,
        0.857473544973545,
        0.8591269841269841,
        0.8748346560846562,
        0.871362433862434,
        0.8678902116402116,
        0.8660714285714285,
        0.8660714285714285,
        0.873015873015873,
        0.8660714285714285,
        0.8678902116402116,
        0.8644179894179894,
        0.8609457671957672,
        0.8678902116402116,
        0.857473544973545,
        0.8662367724867726,
        0.8697089947089948,
        0.873181216931217,
        0.873181216931217,
        0.8662367724867726
    ],
    "scalings": [
        null,
        null,
        null,
        null,
        null,
        null,
        null,
        null,
        null,
        null,
        null,
        null,
        null,
        null,
        null,
        null,
        null,
        null,
        null,
        null,
        null,
        null,
        null,
        null,
        null,
        null,
        null,
        null,
        null,
        null
    ],
    "best_val_acc": 0.8748346560846562,
    "best_val_mcc": 0.7520199960467553
}