{
    "train_loss": [
        0.30227807486991704,
        0.23821724846498984,
        0.21978174147512455,
        0.20731051413081322,
        0.19500142625420225,
        0.18493163538322455,
        0.17910849089090516,
        0.17121476557043838,
        0.16875503011348694,
        0.15989070285040877,
        0.15854822237292335,
        0.15080618389092404,
        0.1480841319764701,
        0.14410616654809785,
        0.14098491045843253,
        0.13552617422723148,
        0.13370966118010483,
        0.1320572115852544,
        0.12920747175901207,
        0.12607401961155432
    ],
    "train_acc": [
        0.8714653319760208,
        0.9041709082682955,
        0.9119210213776722,
        0.9181554688383667,
        0.9242499434453116,
        0.9283176394073068,
        0.9311453738264902,
        0.9336698337292162,
        0.9353099196923425,
        0.9383610451306413,
        0.9384642574369415,
        0.942777259359801,
        0.9449588564642009,
        0.9458580760095012,
        0.9462589073634204,
        0.9488568883610451,
        0.9494952494061758,
        0.95088296007239,
        0.9516400859631263,
        0.9532434113788033
    ],
    "val_loss": [
        0.26782138060246197,
        0.262841866218618,
        0.260807422122785,
        0.2676240149885416,
        0.2844425554254225,
        0.28149374374853714,
        0.2619733230343887,
        0.2820682433832969,
        0.28170457083199707,
        0.26293975447437595,
        0.26068593501778586,
        0.3442299916142864,
        0.2851718654856086,
        0.278403115425525,
        0.2640272509306669,
        0.28192733683889465,
        0.2797656033986381,
        0.3277489405923656,
        0.29229234674546334,
        0.29279371251219083
    ],
    "val_acc": [
        0.8928571428571429,
        0.9029017857142857,
        0.9040178571428571,
        0.9051339285714286,
        0.9129464285714286,
        0.9017857142857143,
        0.9129464285714286,
        0.9029017857142857,
        0.90625,
        0.9051339285714286,
        0.8962053571428571,
        0.9006696428571429,
        0.9084821428571429,
        0.9095982142857143,
        0.9006696428571429,
        0.9040178571428571,
        0.9029017857142857,
        0.8950892857142857,
        0.9151785714285714,
        0.9107142857142857
    ],
    "epoch_time": [
        0.8928571428571429,
        0.9029017857142857,
        0.9040178571428571,
        0.9051339285714286,
        0.9129464285714286,
        0.9017857142857143,
        0.9129464285714286,
        0.9029017857142857,
        0.90625,
        0.9051339285714286,
        0.8962053571428571,
        0.9006696428571429,
        0.9084821428571429,
        0.9095982142857143,
        0.9006696428571429,
        0.9040178571428571,
        0.9029017857142857,
        0.8950892857142857,
        0.9151785714285714,
        0.9107142857142857
    ],
    "best_val_acc": 0.9151785714285714
}