{
    "train_loss": [
        0.6606126152950784,
        0.6041771419670271,
        0.5759473528551019,
        0.5555825132390727,
        0.5452353153539741,
        0.5329658941082333,
        0.521574634572734,
        0.5094855987507364,
        0.5028372526168823,
        0.49287984448930494,
        0.48769293582957723,
        0.476760905203612,
        0.46540516899979634,
        0.461641154859377,
        0.45947617357191833,
        0.4473280331362849,
        0.4431420028209686,
        0.4344162526337997,
        0.43917304912339084,
        0.42371573396351025
    ],
    "train_acc": [
        0.6507608695652174,
        0.6853804347826087,
        0.7021739130434783,
        0.7175,
        0.7350000000000001,
        0.7388043478260871,
        0.7482065217391305,
        0.7546739130434782,
        0.7632065217391304,
        0.7729347826086956,
        0.7700543478260871,
        0.7764673913043478,
        0.7883695652173912,
        0.7883695652173912,
        0.7924456521739129,
        0.803695652173913,
        0.8005978260869565,
        0.803695652173913,
        0.8038586956521738,
        0.808695652173913
    ],
    "val_loss": [
        0.6064225366482368,
        0.5752156514387864,
        0.562386698447741,
        0.5566258545105274,
        0.5316894810933334,
        0.5356602714611933,
        0.524852835215055,
        0.522564743573849,
        0.5182832892124469,
        0.512134490104822,
        0.4964267978301415,
        0.5014308049128606,
        0.49475752390347993,
        0.48673442235359776,
        0.47533031839590806,
        0.4754184392782358,
        0.46900654756105864,
        0.47253110775580776,
        0.4632294590656574,
        0.465459202344601
    ],
    "val_acc": [
        0.7019230769230769,
        0.7091346153846154,
        0.7235576923076923,
        0.7259615384615384,
        0.7259615384615384,
        0.7387820512820512,
        0.75,
        0.7475961538461539,
        0.7612179487179488,
        0.7636217948717949,
        0.7628205128205128,
        0.7612179487179488,
        0.7668269230769231,
        0.7788461538461539,
        0.7780448717948718,
        0.7884615384615384,
        0.78125,
        0.7956730769230769,
        0.780448717948718,
        0.8012820512820512
    ],
    "epoch_time": [
        0.7019230769230769,
        0.7091346153846154,
        0.7235576923076923,
        0.7259615384615384,
        0.7259615384615384,
        0.7387820512820512,
        0.75,
        0.7475961538461539,
        0.7612179487179488,
        0.7636217948717949,
        0.7628205128205128,
        0.7612179487179488,
        0.7668269230769231,
        0.7788461538461539,
        0.7780448717948718,
        0.7884615384615384,
        0.78125,
        0.7956730769230769,
        0.780448717948718,
        0.8012820512820512
    ]
}