{
    "train_loss": [
        0.6410732927607067,
        0.6108865458796273,
        0.59511331568903,
        0.554664968665856,
        0.520959043847536,
        0.5018630093380586,
        0.4820115379989147,
        0.47709588623091354,
        0.46824784109841533,
        0.45570370643886166,
        0.44901179972646843,
        0.4412290448350693,
        0.4336747120120632,
        0.42794295250257447,
        0.4240032944883873,
        0.4179485569249338,
        0.4124954975585439,
        0.4044709710487679,
        0.40235807919012967,
        0.3917152909979002,
        0.39263358178423413,
        0.3880044182401095,
        0.3816651731395899,
        0.3814030611581767,
        0.3795281151003802,
        0.3756464734784703,
        0.3686050798521558,
        0.3642871041240087,
        0.36054016452338267,
        0.3566896511213993,
        0.3481565249333186,
        0.35194415810392865,
        0.343578460167593,
        0.34137563446342056,
        0.33318464852758306,
        0.3350157300149327,
        0.33382505862348116,
        0.3245919560874576,
        0.32889407058593945,
        0.3233974894036108
    ],
    "train_acc": [
        0.6796042110874201,
        0.701176039445629,
        0.7040744936034115,
        0.7162846481876333,
        0.7399553571428572,
        0.7557469349680171,
        0.7706389925373134,
        0.7732542643923241,
        0.7807002931769723,
        0.7892790511727079,
        0.7937599946695096,
        0.7971415245202559,
        0.8046708422174841,
        0.8052538646055437,
        0.8084521588486141,
        0.8072527985074627,
        0.8130163912579957,
        0.8130663646055437,
        0.8192464019189766,
        0.824277052238806,
        0.8245602345415778,
        0.8302738539445629,
        0.8323727345415778,
        0.8324893390191898,
        0.8342384061833689,
        0.8338885927505331,
        0.836054104477612,
        0.8381529850746269,
        0.8419343017057569,
        0.8427005597014925,
        0.8470149253731343,
        0.8428504797441365,
        0.8493303571428572,
        0.8520788912579957,
        0.8558768656716418,
        0.8542444029850746,
        0.8564932036247335,
        0.8605410447761194,
        0.8599580223880597,
        0.8600579690831557
    ],
    "val_loss": [
        0.6305812940453038,
        0.6124994050372731,
        0.5901618997255961,
        0.5430147404020483,
        0.5280125538508097,
        0.5080076690876123,
        0.5221656691847425,
        0.4963692846623334,
        0.49605131871772534,
        0.506583499637517,
        0.5341011696692669,
        0.4994811221505656,
        0.4934452866966074,
        0.48711220694310736,
        0.496956084262241,
        0.480710608941136,
        0.4973047723372777,
        0.4912249983260126,
        0.48023563713738415,
        0.48990685199246264,
        0.488448952183579,
        0.48223937460870453,
        0.49774201124003437,
        0.48785733544465265,
        0.5165353507706614,
        0.5121711551239996,
        0.49654815233114996,
        0.4900362974766529,
        0.5155744051391428,
        0.5011951584707607,
        0.48904427163528674,
        0.5231270645603989,
        0.5441019151246909,
        0.4908410744233565,
        0.5156762225158287,
        0.5001610905835123,
        0.5203869618249662,
        0.49615014457341394,
        0.5105081986297261,
        0.49095860394564544
    ],
    "val_acc": [
        0.6931319776714513,
        0.6931319776714513,
        0.6969198564593301,
        0.728817783094099,
        0.7417264752791068,
        0.757177033492823,
        0.7502492025518341,
        0.769487639553429,
        0.7685406698564593,
        0.7647527910685805,
        0.7559310207336524,
        0.7723285486443381,
        0.7732755183413078,
        0.7780103668261563,
        0.7808512759170654,
        0.7820972886762361,
        0.7789573365231259,
        0.7827452153110048,
        0.7909190590111643,
        0.7830442583732058,
        0.7880781499202552,
        0.7830442583732058,
        0.7858851674641149,
        0.7877791068580543,
        0.788427033492823,
        0.788427033492823,
        0.7849381977671452,
        0.791267942583732,
        0.7941088516746412,
        0.7903209728867624,
        0.7906200159489634,
        0.7969497607655502,
        0.7868819776714513,
        0.8035785486443381,
        0.7947567783094099,
        0.7966507177033493,
        0.7947567783094099,
        0.7963018341307816,
        0.7953548644338119,
        0.80103668261563
    ],
    "epoch_time": [
        0.6931319776714513,
        0.6931319776714513,
        0.6969198564593301,
        0.728817783094099,
        0.7417264752791068,
        0.757177033492823,
        0.7502492025518341,
        0.769487639553429,
        0.7685406698564593,
        0.7647527910685805,
        0.7559310207336524,
        0.7723285486443381,
        0.7732755183413078,
        0.7780103668261563,
        0.7808512759170654,
        0.7820972886762361,
        0.7789573365231259,
        0.7827452153110048,
        0.7909190590111643,
        0.7830442583732058,
        0.7880781499202552,
        0.7830442583732058,
        0.7858851674641149,
        0.7877791068580543,
        0.788427033492823,
        0.788427033492823,
        0.7849381977671452,
        0.791267942583732,
        0.7941088516746412,
        0.7903209728867624,
        0.7906200159489634,
        0.7969497607655502,
        0.7868819776714513,
        0.8035785486443381,
        0.7947567783094099,
        0.7966507177033493,
        0.7947567783094099,
        0.7963018341307816,
        0.7953548644338119,
        0.80103668261563
    ],
    "best_val_acc": 0.8035785486443381
}