{
    "train_loss": [
        0.7621209129043247,
        0.7587671362835428,
        0.755096753783848,
        0.7498392488645471,
        0.7435935502466948,
        0.7351973274479742,
        0.715441630197608,
        0.6926754707875459,
        0.6668168425559997,
        0.6483467133148857,
        0.6363385153853375,
        0.6263218459875687,
        0.6221435824166174,
        0.6192627077517302,
        0.6128327333408853,
        0.6117577962253404,
        0.6056701805280602,
        0.6043801908907683,
        0.6023506584374801,
        0.6001760793768841
    ],
    "train_acc": [
        0.3560326086956522,
        0.3522826086956522,
        0.36820652173913043,
        0.3659239130434782,
        0.35847826086956525,
        0.359945652173913,
        0.3814130434782608,
        0.490054347826087,
        0.6334239130434782,
        0.6853260869565218,
        0.6898913043478261,
        0.6928260869565217,
        0.6913586956521739,
        0.6960326086956522,
        0.6984239130434782,
        0.6971739130434782,
        0.6998369565217392,
        0.6989673913043478,
        0.7021739130434783,
        0.7043478260869566
    ],
    "val_loss": [
        0.758843197272374,
        0.7562468693806574,
        0.752983991916363,
        0.7484306372129,
        0.741364951317127,
        0.7254886718896719,
        0.6995867399068979,
        0.668990419461177,
        0.6405551571112412,
        0.6223839383858901,
        0.6119467249283423,
        0.6056206134649423,
        0.6015141377082238,
        0.5976620476979476,
        0.5944484563974234,
        0.5925407638916602,
        0.5898858652665064,
        0.5874499334738805,
        0.5849208121116345,
        0.5817159047493567
    ],
    "val_acc": [
        0.3141025641025641,
        0.3141025641025641,
        0.3141025641025641,
        0.3141025641025641,
        0.3141025641025641,
        0.3141025641025641,
        0.3549679487179487,
        0.7011217948717949,
        0.7043269230769231,
        0.6939102564102565,
        0.6963141025641026,
        0.6939102564102565,
        0.6995192307692307,
        0.6995192307692307,
        0.6995192307692307,
        0.6995192307692307,
        0.7019230769230769,
        0.7067307692307693,
        0.7035256410256411,
        0.7059294871794872
    ],
    "epoch_time": [
        0.3141025641025641,
        0.3141025641025641,
        0.3141025641025641,
        0.3141025641025641,
        0.3141025641025641,
        0.3141025641025641,
        0.3549679487179487,
        0.7011217948717949,
        0.7043269230769231,
        0.6939102564102565,
        0.6963141025641026,
        0.6939102564102565,
        0.6995192307692307,
        0.6995192307692307,
        0.6995192307692307,
        0.6995192307692307,
        0.7019230769230769,
        0.7067307692307693,
        0.7035256410256411,
        0.7059294871794872
    ]
}