{
    "train_loss": [
        0.6160582436167675,
        0.5470807777798694,
        0.5107147775266482,
        0.48711947928304256,
        0.4534807150778563,
        0.4321689468363057,
        0.41938318532446156,
        0.3918042842460715,
        0.3682355314493179,
        0.3612302765898083,
        0.33153786361217497,
        0.31481695745302285,
        0.2942841624436171,
        0.28523490377094435,
        0.26966177639753924,
        0.2537251672019129,
        0.23441038967474648,
        0.2329049992820491,
        0.21028029526705327,
        0.21049763638040295
    ],
    "train_acc": [
        0.6835326086956522,
        0.7288586956521739,
        0.7484782608695653,
        0.7715760869565218,
        0.7921739130434782,
        0.8052173913043478,
        0.8147826086956522,
        0.8301086956521739,
        0.8423369565217392,
        0.8451630434782608,
        0.8584782608695651,
        0.869891304347826,
        0.881195652173913,
        0.8779891304347827,
        0.8891847826086956,
        0.8989130434782608,
        0.9098369565217391,
        0.9078260869565218,
        0.9184782608695652,
        0.9179347826086957
    ],
    "val_loss": [
        0.5463292346550868,
        0.5045751264462104,
        0.5869553089141846,
        0.46208263360537016,
        0.4587047191766592,
        0.45649325159879833,
        0.446549844283324,
        0.4550856879124275,
        0.49561306604972255,
        0.49481100073227513,
        0.4793013918858308,
        0.4979419054893347,
        0.46683345849697405,
        0.45698413252830505,
        0.5039678135743508,
        0.5475670660917575,
        0.600023050720875,
        0.5029903890994879,
        0.5591376544191287,
        0.552118630363391
    ],
    "val_acc": [
        0.7251602564102565,
        0.749198717948718,
        0.7243589743589743,
        0.7612179487179488,
        0.7948717948717949,
        0.7828525641025641,
        0.8092948717948718,
        0.7908653846153846,
        0.7876602564102565,
        0.7972756410256411,
        0.8141025641025641,
        0.8108974358974359,
        0.8052884615384616,
        0.8012820512820512,
        0.8108974358974359,
        0.7980769230769231,
        0.8012820512820512,
        0.7916666666666666,
        0.8092948717948718,
        0.8060897435897435
    ],
    "epoch_time": [
        0.7251602564102565,
        0.749198717948718,
        0.7243589743589743,
        0.7612179487179488,
        0.7948717948717949,
        0.7828525641025641,
        0.8092948717948718,
        0.7908653846153846,
        0.7876602564102565,
        0.7972756410256411,
        0.8141025641025641,
        0.8108974358974359,
        0.8052884615384616,
        0.8012820512820512,
        0.8108974358974359,
        0.7980769230769231,
        0.8012820512820512,
        0.7916666666666666,
        0.8092948717948718,
        0.8060897435897435
    ],
    "best_val_acc": 0.8141025641025641
}