{
    "train_loss": [
        0.6850507008050805,
        0.6810208018591155,
        0.6793733921958439,
        0.6766193551358892,
        0.6723986970844553,
        0.6652570264552956,
        0.6582437958290328,
        0.650202831448014,
        0.6410640291313627,
        0.6332069704336907,
        0.6292992123027346,
        0.6245789352192808,
        0.6205170588262046,
        0.6171166798961696,
        0.6164291315336725,
        0.6176408977428479,
        0.6133358034847388,
        0.6114673400992778,
        0.6119092835196808,
        0.6114824735629025,
        0.6070575255956223,
        0.6052625862075321,
        0.6040140234712345,
        0.6049755472523063,
        0.6021676503900272,
        0.6021614541758352,
        0.5978356067146828,
        0.5976556840894828,
        0.5975873235668709,
        0.5952565245219131,
        0.5936062616198811,
        0.5919474739192138,
        0.5924092686887997,
        0.5899165548495392,
        0.5877569334498093,
        0.5877503515846694,
        0.5840107684037579,
        0.5838424064107796,
        0.5830494079794457,
        0.5825147081666918
    ],
    "train_acc": [
        0.5987473347547975,
        0.6338452825159915,
        0.6468383528784649,
        0.6643956556503199,
        0.6784381663113007,
        0.6936633795309168,
        0.7008262260127932,
        0.7019922707889126,
        0.7028085021321963,
        0.7036913646055437,
        0.7042743869936035,
        0.703158315565032,
        0.7035081289978679,
        0.7049906716417911,
        0.7042244136460555,
        0.7039745469083156,
        0.7044409648187634,
        0.7048074360341151,
        0.7030250533049041,
        0.7033248933901919,
        0.7039745469083156,
        0.705040644989339,
        0.7044576226012793,
        0.7034414978678037,
        0.703091684434968,
        0.7038579424307037,
        0.7047408049040512,
        0.7042743869936035,
        0.7035581023454157,
        0.7044409648187634,
        0.7039745469083156,
        0.7039079157782515,
        0.7042743869936035,
        0.7056236673773988,
        0.7039745469083156,
        0.7039745469083156,
        0.7062066897654584,
        0.705090618336887,
        0.7041577825159915,
        0.705090618336887
    ],
    "val_loss": [
        0.6840132673581442,
        0.6814264781547316,
        0.6790885726610819,
        0.6760513908935316,
        0.6703183307792201,
        0.662030512636358,
        0.6534986803025911,
        0.6420727606975671,
        0.6333533597714973,
        0.6266681967359601,
        0.6205186609065894,
        0.6157023879614744,
        0.6136209684790987,
        0.6124600677779226,
        0.6121979491277174,
        0.6112644374370575,
        0.6113516625129816,
        0.6102403402328491,
        0.6099535082325791,
        0.6084952634392362,
        0.6087881073807225,
        0.6081303123271826,
        0.6070745027426517,
        0.6045514038114836,
        0.6030754401828303,
        0.59962039734378,
        0.5993642274177435,
        0.5969741208986803,
        0.593079329440088,
        0.5943850838776791,
        0.5919058602867704,
        0.5896912768031611,
        0.5896889666716257,
        0.5858983659383022,
        0.5878283363400083,
        0.589156942837166,
        0.5857542021708055,
        0.5857137956402518,
        0.5821104555418997,
        0.5790207512450941
    ],
    "val_acc": [
        0.6931319776714513,
        0.6931319776714513,
        0.6931319776714513,
        0.6931319776714513,
        0.6931319776714513,
        0.6931319776714513,
        0.6931319776714513,
        0.6931319776714513,
        0.6931319776714513,
        0.6931319776714513,
        0.6931319776714513,
        0.6931319776714513,
        0.6931319776714513,
        0.6931319776714513,
        0.6931319776714513,
        0.6931319776714513,
        0.6931319776714513,
        0.6931319776714513,
        0.6931319776714513,
        0.6931319776714513,
        0.6931319776714513,
        0.6931319776714513,
        0.6931319776714513,
        0.6931319776714513,
        0.6931319776714513,
        0.6931319776714513,
        0.6931319776714513,
        0.6931319776714513,
        0.6931319776714513,
        0.6931319776714513,
        0.6931319776714513,
        0.6931319776714513,
        0.6931319776714513,
        0.6931319776714513,
        0.6931319776714513,
        0.6931319776714513,
        0.6931319776714513,
        0.6931319776714513,
        0.6931319776714513,
        0.6931319776714513
    ],
    "epoch_time": [
        0.6931319776714513,
        0.6931319776714513,
        0.6931319776714513,
        0.6931319776714513,
        0.6931319776714513,
        0.6931319776714513,
        0.6931319776714513,
        0.6931319776714513,
        0.6931319776714513,
        0.6931319776714513,
        0.6931319776714513,
        0.6931319776714513,
        0.6931319776714513,
        0.6931319776714513,
        0.6931319776714513,
        0.6931319776714513,
        0.6931319776714513,
        0.6931319776714513,
        0.6931319776714513,
        0.6931319776714513,
        0.6931319776714513,
        0.6931319776714513,
        0.6931319776714513,
        0.6931319776714513,
        0.6931319776714513,
        0.6931319776714513,
        0.6931319776714513,
        0.6931319776714513,
        0.6931319776714513,
        0.6931319776714513,
        0.6931319776714513,
        0.6931319776714513,
        0.6931319776714513,
        0.6931319776714513,
        0.6931319776714513,
        0.6931319776714513,
        0.6931319776714513,
        0.6931319776714513,
        0.6931319776714513,
        0.6931319776714513
    ],
    "best_val_acc": 0.6931319776714513
}