{
    "train_loss": [
        0.5970831172012571,
        0.5361487281633847,
        0.49143620213465905,
        0.45970601802552813,
        0.4365009631016361,
        0.42395286067430654,
        0.4009571484109359,
        0.38887268638432915,
        0.38482070436228566,
        0.36460570546228493,
        0.36423462545916213,
        0.3451565092624123,
        0.340535779386314,
        0.3237565824233774,
        0.31885885436143446,
        0.30913908568336,
        0.3008711912405135,
        0.29204621171550965,
        0.2769964789665902,
        0.2693667729565902,
        0.27181328977666686,
        0.2685791442254141,
        0.2508681863129361,
        0.24811701951965467,
        0.24362921710612614,
        0.23579024933556567,
        0.2280530367852814,
        0.22932315726222388,
        0.22508601202115194,
        0.2192782319442772,
        0.20397070513120782,
        0.19874179574535855,
        0.20517271937830234,
        0.2049599836316349,
        0.19390914308379836,
        0.18470247334508755,
        0.18706398964651041,
        0.17969042222613274,
        0.17509483901867226,
        0.17175780151928985
    ],
    "train_acc": [
        0.7013426172707888,
        0.7326759061833689,
        0.7642757196162047,
        0.7834654850746269,
        0.7977412046908315,
        0.8057202825159915,
        0.8198460820895522,
        0.8292244136460555,
        0.8279917377398721,
        0.839902052238806,
        0.8373700692963754,
        0.847714552238806,
        0.8539445628997868,
        0.8624067164179104,
        0.8627565298507462,
        0.8679371002132197,
        0.873117670575693,
        0.8748001066098081,
        0.882845815565032,
        0.8878264925373134,
        0.8885760927505331,
        0.8882262793176973,
        0.8948061034115139,
        0.8995868869936035,
        0.9001699093816632,
        0.9039678837953092,
        0.9082322761194029,
        0.9071828358208955,
        0.9068829957356077,
        0.9105643656716418,
        0.9193596748400853,
        0.9211753731343284,
        0.9170275852878464,
        0.9196595149253731,
        0.9236240671641791,
        0.9224580223880597,
        0.9264725479744137,
        0.9276385927505331,
        0.9284548240938166,
        0.9345182569296375
    ],
    "val_loss": [
        0.5541143435420413,
        0.5135874540516825,
        0.4853316586125981,
        0.549281871228507,
        0.5044177102320122,
        0.48485476997765625,
        0.5025163771528186,
        0.5184401002797213,
        0.5482717158667969,
        0.47166275255607837,
        0.5062441656535323,
        0.4898340534983259,
        0.5397323559631001,
        0.5035356522509546,
        0.5017452477054163,
        0.500219118188728,
        0.48677169915401575,
        0.5505413033745505,
        0.5295339626344767,
        0.5281322241732569,
        0.49128189276565204,
        0.5182469803275485,
        0.5258999884580121,
        0.5416897375023726,
        0.5378195426680825,
        0.5923029633634018,
        0.5940979529510845,
        0.5988135834534963,
        0.599659114285852,
        0.5828472818389083,
        0.6022660465854587,
        0.6609116729461786,
        0.6243573472355352,
        0.6587174850882906,
        0.5853973902536161,
        0.6255798872673151,
        0.6315817593625097,
        0.6885105055389982,
        0.6502271430058912,
        0.6742349497296594
    ],
    "val_acc": [
        0.715859250398724,
        0.7464613237639554,
        0.766347687400319,
        0.7518440988835725,
        0.766347687400319,
        0.7742224880382775,
        0.7698365231259968,
        0.7656997607655502,
        0.7641547049441786,
        0.7764653110047847,
        0.7729764752791068,
        0.7786582934609251,
        0.7723285486443381,
        0.7805522328548644,
        0.7862340510366826,
        0.7777113237639554,
        0.7814992025518341,
        0.7786582934609251,
        0.7761164274322169,
        0.7628090111642742,
        0.7805522328548644,
        0.7893740031897927,
        0.7855861244019139,
        0.7808512759170654,
        0.7836921850079744,
        0.7928628389154705,
        0.7805522328548644,
        0.7827452153110048,
        0.7852870813397129,
        0.7742224880382775,
        0.7799043062200957,
        0.7720295055821372,
        0.769487639553429,
        0.7748704146730463,
        0.7764653110047847,
        0.7704346092503987,
        0.7817982456140351,
        0.7836921850079744,
        0.7770633971291866,
        0.7723285486443381
    ],
    "epoch_time": [
        0.715859250398724,
        0.7464613237639554,
        0.766347687400319,
        0.7518440988835725,
        0.766347687400319,
        0.7742224880382775,
        0.7698365231259968,
        0.7656997607655502,
        0.7641547049441786,
        0.7764653110047847,
        0.7729764752791068,
        0.7786582934609251,
        0.7723285486443381,
        0.7805522328548644,
        0.7862340510366826,
        0.7777113237639554,
        0.7814992025518341,
        0.7786582934609251,
        0.7761164274322169,
        0.7628090111642742,
        0.7805522328548644,
        0.7893740031897927,
        0.7855861244019139,
        0.7808512759170654,
        0.7836921850079744,
        0.7928628389154705,
        0.7805522328548644,
        0.7827452153110048,
        0.7852870813397129,
        0.7742224880382775,
        0.7799043062200957,
        0.7720295055821372,
        0.769487639553429,
        0.7748704146730463,
        0.7764653110047847,
        0.7704346092503987,
        0.7817982456140351,
        0.7836921850079744,
        0.7770633971291866,
        0.7723285486443381
    ],
    "best_val_acc": 0.7928628389154705
}