{
    "train_loss": [
        0.6990289665185488,
        0.6975354529344119,
        0.6989678335495484,
        0.6977164691839463,
        0.6952022749644059,
        0.6933774925195254,
        0.6900873031371679,
        0.6860664769625052,
        0.6842044194539388,
        0.6800429897430615,
        0.67828207443922,
        0.6745810493444785,
        0.6681088056319799,
        0.6611466744007208,
        0.6600439922931867,
        0.6532837595695105,
        0.64771207402914,
        0.6433605544078045,
        0.633675848826384,
        0.6292610313647833
    ],
    "train_acc": [
        0.49288091715976334,
        0.4975036982248521,
        0.4933123767258383,
        0.5008937376725838,
        0.5031743096646942,
        0.4993219921104537,
        0.5350714990138067,
        0.5557815581854043,
        0.5661057692307693,
        0.5963079388560159,
        0.6050295857988166,
        0.6210860453648915,
        0.6390840729783037,
        0.6633999013806706,
        0.6713510848126233,
        0.677638067061144,
        0.6889792899408284,
        0.6980707593688363,
        0.7143737672583826,
        0.7203217455621301
    ],
    "val_loss": [
        0.7010136710272895,
        0.7002363801002502,
        0.699436691072252,
        0.6982973151736789,
        0.696208675702413,
        0.6932066546546088,
        0.687512218952179,
        0.6827524635526869,
        0.6783980925877889,
        0.6735585729281107,
        0.6674041748046875,
        0.6613119840621948,
        0.6548316809866164,
        0.6496123803986443,
        0.6446536978085836,
        0.6381166842248704,
        0.6339979039298164,
        0.6311246752738953,
        0.6280853880776299,
        0.6288759178585477
    ],
    "val_acc": [
        0.4712301587301588,
        0.4712301587301588,
        0.4712301587301588,
        0.4712301587301588,
        0.4712301587301588,
        0.4712301587301588,
        0.6038359788359788,
        0.6263227513227513,
        0.636739417989418,
        0.6420304232804233,
        0.6489748677248677,
        0.6785714285714285,
        0.6995701058201058,
        0.6906415343915344,
        0.6889880952380952,
        0.701223544973545,
        0.6924603174603174,
        0.6871693121693121,
        0.6871693121693121,
        0.6871693121693121
    ],
    "epoch_time": [
        0.4712301587301588,
        0.4712301587301588,
        0.4712301587301588,
        0.4712301587301588,
        0.4712301587301588,
        0.4712301587301588,
        0.6038359788359788,
        0.6263227513227513,
        0.636739417989418,
        0.6420304232804233,
        0.6489748677248677,
        0.6785714285714285,
        0.6995701058201058,
        0.6906415343915344,
        0.6889880952380952,
        0.701223544973545,
        0.6924603174603174,
        0.6871693121693121,
        0.6871693121693121,
        0.6871693121693121
    ],
    "best_val_acc": 0.701223544973545
}